"Status","Start Time","Stop Time","Duration in ms","Parent Suite","Suite","Sub Suite","Test Class","Test Method","Name","Description"
"skipped","Tue Oct 06 16:07:31 UTC 2026","Tue Oct 06 16:07:31 UTC 2026","1","WebCatalogTest","Edge","testcases.SubmitNewAppTest","testcases.SubmitNewAppTest","SA03_testCheckEmptyHistory","SA03_testCheckEmptyHistory",""
"skipped","Tue Oct 06 16:09:43 UTC 2026","Tue Oct 06 16:09:43 UTC 2026","75","WebCatalogTest","FireFox","testcases.SignUpTest","testcases.SignUpTest","SU01_testSignUpWithValidEmail","SU01_testSignUpWithValidEmail",""
"skipped","Tue Oct 06 16:10:40 UTC 2026","Tue Oct 06 16:10:40 UTC 2026","91","WebCatalogTest","Chrome","testcases.AccountSettingsTest","testcases.AccountSettingsTest","AS02_testUpdateAccountCountry","AS02_testUpdateAccountCountry",""
"broken","Tue Oct 06 16:10:46 UTC 2026","Tue Oct 06 16:10:46 UTC 2026","0","WebCatalogTest","FireFox","testcases.AccountSettingsTest","testcases.AccountSettingsTest","preCondition","preCondition",""
"skipped","Tue Oct 06 16:09:38 UTC 2026","Tue Oct 06 16:09:38 UTC 2026","97","WebCatalogTest","Chrome","testcases.SignUpTest","testcases.SignUpTest","SU02_testSignUpWithRegisteredEmail","SU02_testSignUpWithRegisteredEmail",""
"skipped","Tue Oct 06 16:11:42 UTC 2026","Tue Oct 06 16:11:42 UTC 2026","113","WebCatalogTest","Chrome","testcases.SubmitNewAppTest","testcases.SubmitNewAppTest","SA03_testCheckEmptyHistory","SA03_testCheckEmptyHistory",""
"skipped","Tue Oct 06 16:07:31 UTC 2026","Tue Oct 06 16:07:31 UTC 2026","1","WebCatalogTest","Edge","testcases.SubmitNewAppTest","testcases.SubmitNewAppTest","SA01_testSubmitNewApp","SA01_testSubmitNewApp",""
"skipped","Tue Oct 06 16:07:31 UTC 2026","Tue Oct 06 16:07:31 UTC 2026","0","WebCatalogTest","Edge","testcases.AccountSettingsTest","testcases.AccountSettingsTest","AS03_testUpdateAccountEmail","AS03_testUpdateAccountEmail",""
"broken","Tue Oct 06 16:08:38 UTC 2026","Tue Oct 06 16:08:38 UTC 2026","1","WebCatalogTest","FireFox","testcases.SignInTest","testcases.SignInTest","navigateToEmailEntry","navigateToEmailEntry",""
"broken","Tue Oct 06 16:11:54 UTC 2026","Tue Oct 06 16:12:55 UTC 2026","60440","WebCatalogTest","FireFox","testcases.E2ETest","testcases.E2ETest","E2E_Test","E2E_Test",""
"skipped","Tue Oct 06 16:08:36 UTC 2026","Tue Oct 06 16:08:36 UTC 2026","93","WebCatalogTest","Chrome","testcases.SignInTest","testcases.SignInTest","SI02_submitEmptyEmail","SI02_submitEmptyEmail",""
"skipped","Tue Oct 06 16:07:31 UTC 2026","Tue Oct 06 16:07:31 UTC 2026","1","WebCatalogTest","Edge","testcases.AccountSettingsTest","testcases.AccountSettingsTest","AS01_testUpdateAccountName","AS01_testUpdateAccountName",""
"skipped","Tue Oct 06 16:10:40 UTC 2026","Tue Oct 06 16:10:40 UTC 2026","96","WebCatalogTest","Chrome","testcases.AccountSettingsTest","testcases.AccountSettingsTest","AS04_testUpdateAccountEmailWithoutChangingEmail","AS04_testUpdateAccountEmailWithoutChangingEmail",""
"skipped","Tue Oct 06 16:10:46 UTC 2026","Tue Oct 06 16:10:46 UTC 2026","69","WebCatalogTest","FireFox","testcases.AccountSettingsTest","testcases.AccountSettingsTest","AS02_testUpdateAccountCountry","AS02_testUpdateAccountCountry",""
"skipped","Tue Oct 06 16:11:42 UTC 2026","Tue Oct 06 16:11:42 UTC 2026","98","WebCatalogTest","Chrome","testcases.SubmitNewAppTest","testcases.SubmitNewAppTest","SA01_testSubmitNewApp","SA01_testSubmitNewApp",""
"skipped","Tue Oct 06 16:09:43 UTC 2026","Tue Oct 06 16:09:43 UTC 2026","70","WebCatalogTest","FireFox","testcases.SignUpTest","testcases.SignUpTest","SU02_testSignUpWithRegisteredEmail","SU02_testSignUpWithRegisteredEmail",""
"broken","Tue Oct 06 16:10:40 UTC 2026","Tue Oct 06 16:10:40 UTC 2026","0","WebCatalogTest","Chrome","testcases.AccountSettingsTest","testcases.AccountSettingsTest","preCondition","preCondition",""
"broken","Tue Oct 06 16:11:50 UTC 2026","Tue Oct 06 16:11:50 UTC 2026","0","WebCatalogTest","FireFox","testcases.SubmitNewAppTest","testcases.SubmitNewAppTest","setUpPrecondition","setUpPrecondition",""
"skipped","Tue Oct 06 16:07:30 UTC 2026","Tue Oct 06 16:07:30 UTC 2026","12","WebCatalogTest","Edge","testcases.SignInTest","testcases.SignInTest","SI01_testSignInWithValidEmail","SI01_testSignInWithValidEmail",""
"broken","Tue Oct 06 16:07:30 UTC 2026","Tue Oct 06 16:07:30 UTC 2026","1","WebCatalogTest","Edge","testcases.SignInTest","testcases.SignInTest","beforeClass","beforeClass",""
"broken","Tue Oct 06 16:08:36 UTC 2026","Tue Oct 06 16:08:36 UTC 2026","0","WebCatalogTest","Chrome","testcases.SignInTest","testcases.SignInTest","navigateToEmailEntry","navigateToEmailEntry",""
"skipped","Tue Oct 06 16:07:30 UTC 2026","Tue Oct 06 16:07:30 UTC 2026","2","WebCatalogTest","Edge","testcases.SignInTest","testcases.SignInTest","SI02_submitEmptyEmail","SI02_submitEmptyEmail",""
"broken","Tue Oct 06 16:07:31 UTC 2026","Tue Oct 06 16:07:31 UTC 2026","0","WebCatalogTest","Edge","testcases.AccountSettingsTest","testcases.AccountSettingsTest","beforeClass","beforeClass",""
"broken","Tue Oct 06 16:07:31 UTC 2026","Tue Oct 06 16:07:31 UTC 2026","1","WebCatalogTest","Edge","testcases.SubmitNewAppTest","testcases.SubmitNewAppTest","beforeClass","beforeClass",""
"skipped","Tue Oct 06 16:10:40 UTC 2026","Tue Oct 06 16:10:40 UTC 2026","103","WebCatalogTest","Chrome","testcases.AccountSettingsTest","testcases.AccountSettingsTest","AS01_testUpdateAccountName","AS01_testUpdateAccountName",""
"skipped","Tue Oct 06 16:11:51 UTC 2026","Tue Oct 06 16:11:51 UTC 2026","66","WebCatalogTest","FireFox","testcases.SubmitNewAppTest","testcases.SubmitNewAppTest","SA03_testCheckEmptyHistory","SA03_testCheckEmptyHistory",""
"broken","Tue Oct 06 16:09:43 UTC 2026","Tue Oct 06 16:09:43 UTC 2026","0","WebCatalogTest","FireFox","testcases.SignUpTest","testcases.SignUpTest","setUpPages","setUpPages",""
"skipped","Tue Oct 06 16:10:40 UTC 2026","Tue Oct 06 16:10:40 UTC 2026","97","WebCatalogTest","Chrome","testcases.AccountSettingsTest","testcases.AccountSettingsTest","AS03_testUpdateAccountEmail","AS03_testUpdateAccountEmail",""
"skipped","Tue Oct 06 16:07:31 UTC 2026","Tue Oct 06 16:07:31 UTC 2026","1","WebCatalogTest","Edge","testcases.SubmitNewAppTest","testcases.SubmitNewAppTest","SA04_testSubmitAppWithInValidUrl","SA04_testSubmitAppWithInValidUrl",""
"skipped","Tue Oct 06 16:11:51 UTC 2026","Tue Oct 06 16:11:51 UTC 2026","64","WebCatalogTest","FireFox","testcases.SubmitNewAppTest","testcases.SubmitNewAppTest","SA05_testSubmitAppWithoutData","SA05_testSubmitAppWithoutData",""
"broken","Tue Oct 06 16:09:38 UTC 2026","Tue Oct 06 16:09:38 UTC 2026","0","WebCatalogTest","Chrome","testcases.SignUpTest","testcases.SignUpTest","setUpPages","setUpPages",""
"broken","Tue Oct 06 16:11:43 UTC 2026","Tue Oct 06 16:12:44 UTC 2026","60315","WebCatalogTest","Chrome","testcases.E2ETest","testcases.E2ETest","E2E_Test","E2E_Test",""
"skipped","Tue Oct 06 16:10:47 UTC 2026","Tue Oct 06 16:10:47 UTC 2026","69","WebCatalogTest","FireFox","testcases.AccountSettingsTest","testcases.AccountSettingsTest","AS04_testUpdateAccountEmailWithoutChangingEmail","AS04_testUpdateAccountEmailWithoutChangingEmail",""
"skipped","Tue Oct 06 16:10:46 UTC 2026","Tue Oct 06 16:10:47 UTC 2026","68","WebCatalogTest","FireFox","testcases.AccountSettingsTest","testcases.AccountSettingsTest","AS03_testUpdateAccountEmail","AS03_testUpdateAccountEmail",""
"skipped","Tue Oct 06 16:07:31 UTC 2026","Tue Oct 06 16:07:31 UTC 2026","2","WebCatalogTest","Edge","testcases.SignInTest","testcases.SignInTest","SI03_testSignInWithInvalidFormatEmail","SI03_testSignInWithInvalidFormatEmail",""
"skipped","Tue Oct 06 16:09:38 UTC 2026","Tue Oct 06 16:09:38 UTC 2026","105","WebCatalogTest","Chrome","testcases.SignUpTest","testcases.SignUpTest","SU01_testSignUpWithValidEmail","SU01_testSignUpWithValidEmail",""
"skipped","Tue Oct 06 16:11:51 UTC 2026","Tue Oct 06 16:11:51 UTC 2026","67","WebCatalogTest","FireFox","testcases.SubmitNewAppTest","testcases.SubmitNewAppTest","SA02_testSubmitMultipleApp","SA02_testSubmitMultipleApp",""
"skipped","Tue Oct 06 16:07:31 UTC 2026","Tue Oct 06 16:07:31 UTC 2026","1","WebCatalogTest","Edge","testcases.AccountSettingsTest","testcases.AccountSettingsTest","AS05_testDeleteAccount","AS05_testDeleteAccount",""
"broken","Tue Oct 06 16:07:32 UTC 2026","Tue Oct 06 16:07:32 UTC 2026","0","WebCatalogTest","Edge","testcases.E2ETest","testcases.E2ETest","beforeClass","beforeClass",""
"skipped","Tue Oct 06 16:11:42 UTC 2026","Tue Oct 06 16:11:42 UTC 2026","92","WebCatalogTest","Chrome","testcases.SubmitNewAppTest","testcases.SubmitNewAppTest","SA05_testSubmitAppWithoutData","SA05_testSubmitAppWithoutData",""
"broken","Tue Oct 06 16:07:31 UTC 2026","Tue Oct 06 16:07:31 UTC 2026","0","WebCatalogTest","Edge","testcases.SignUpTest","testcases.SignUpTest","beforeClass","beforeClass",""
"skipped","Tue Oct 06 16:08:38 UTC 2026","Tue Oct 06 16:08:39 UTC 2026","72","WebCatalogTest","FireFox","testcases.SignInTest","testcases.SignInTest","SI01_testSignInWithValidEmail","SI01_testSignInWithValidEmail",""
"skipped","Tue Oct 06 16:07:31 UTC 2026","Tue Oct 06 16:07:31 UTC 2026","1","WebCatalogTest","Edge","testcases.AccountSettingsTest","testcases.AccountSettingsTest","AS02_testUpdateAccountCountry","AS02_testUpdateAccountCountry",""
"skipped","Tue Oct 06 16:08:36 UTC 2026","Tue Oct 06 16:08:37 UTC 2026","118","WebCatalogTest","Chrome","testcases.SignInTest","testcases.SignInTest","SI03_testSignInWithInvalidFormatEmail","SI03_testSignInWithInvalidFormatEmail",""
"skipped","Tue Oct 06 16:08:36 UTC 2026","Tue Oct 06 16:08:36 UTC 2026","108","WebCatalogTest","Chrome","testcases.SignInTest","testcases.SignInTest","SI01_testSignInWithValidEmail","SI01_testSignInWithValidEmail",""
"skipped","Tue Oct 06 16:11:42 UTC 2026","Tue Oct 06 16:11:42 UTC 2026","99","WebCatalogTest","Chrome","testcases.SubmitNewAppTest","testcases.SubmitNewAppTest","SA04_testSubmitAppWithInValidUrl","SA04_testSubmitAppWithInValidUrl",""
"skipped","Tue Oct 06 16:07:31 UTC 2026","Tue Oct 06 16:07:31 UTC 2026","1","WebCatalogTest","Edge","testcases.SubmitNewAppTest","testcases.SubmitNewAppTest","SA05_testSubmitAppWithoutData","SA05_testSubmitAppWithoutData",""
"skipped","Tue Oct 06 16:11:50 UTC 2026","Tue Oct 06 16:11:51 UTC 2026","74","WebCatalogTest","FireFox","testcases.SubmitNewAppTest","testcases.SubmitNewAppTest","SA01_testSubmitNewApp","SA01_testSubmitNewApp",""
"skipped","Tue Oct 06 16:08:39 UTC 2026","Tue Oct 06 16:08:39 UTC 2026","83","WebCatalogTest","FireFox","testcases.SignInTest","testcases.SignInTest","SI03_testSignInWithInvalidFormatEmail","SI03_testSignInWithInvalidFormatEmail",""
"broken","Tue Oct 06 16:11:42 UTC 2026","Tue Oct 06 16:11:42 UTC 2026","0","WebCatalogTest","Chrome","testcases.SubmitNewAppTest","testcases.SubmitNewAppTest","setUpPrecondition","setUpPrecondition",""
"skipped","Tue Oct 06 16:07:31 UTC 2026","Tue Oct 06 16:07:31 UTC 2026","1","WebCatalogTest","Edge","testcases.SignUpTest","testcases.SignUpTest","SU02_testSignUpWithRegisteredEmail","SU02_testSignUpWithRegisteredEmail",""
"skipped","Tue Oct 06 16:07:31 UTC 2026","Tue Oct 06 16:07:31 UTC 2026","1","WebCatalogTest","Edge","testcases.SubmitNewAppTest","testcases.SubmitNewAppTest","SA02_testSubmitMultipleApp","SA02_testSubmitMultipleApp",""
"skipped","Tue Oct 06 16:10:46 UTC 2026","Tue Oct 06 16:10:46 UTC 2026","71","WebCatalogTest","FireFox","testcases.AccountSettingsTest","testcases.AccountSettingsTest","AS01_testUpdateAccountName","AS01_testUpdateAccountName",""
"skipped","Tue Oct 06 16:07:31 UTC 2026","Tue Oct 06 16:07:31 UTC 2026","1","WebCatalogTest","Edge","testcases.AccountSettingsTest","testcases.AccountSettingsTest","AS04_testUpdateAccountEmailWithoutChangingEmail","AS04_testUpdateAccountEmailWithoutChangingEmail",""
"skipped","Tue Oct 06 16:07:31 UTC 2026","Tue Oct 06 16:07:31 UTC 2026","1","WebCatalogTest","Edge","testcases.SignUpTest","testcases.SignUpTest","SU01_testSignUpWithValidEmail","SU01_testSignUpWithValidEmail",""
"skipped","Tue Oct 06 16:10:47 UTC 2026","Tue Oct 06 16:10:47 UTC 2026","68","WebCatalogTest","FireFox","testcases.AccountSettingsTest","testcases.AccountSettingsTest","AS05_testDeleteAccount","AS05_testDeleteAccount",""
"skipped","Tue Oct 06 16:10:40 UTC 2026","Tue Oct 06 16:10:40 UTC 2026","119","WebCatalogTest","Chrome","testcases.AccountSettingsTest","testcases.AccountSettingsTest","AS05_testDeleteAccount","AS05_testDeleteAccount",""
"skipped","Tue Oct 06 16:11:42 UTC 2026","Tue Oct 06 16:11:42 UTC 2026","97","WebCatalogTest","Chrome","testcases.SubmitNewAppTest","testcases.SubmitNewAppTest","SA02_testSubmitMultipleApp","SA02_testSubmitMultipleApp",""
"skipped","Tue Oct 06 16:07:32 UTC 2026","Tue Oct 06 16:07:32 UTC 2026","1","WebCatalogTest","Edge","testcases.E2ETest","testcases.E2ETest","E2E_Test","E2E_Test",""
"skipped","Tue Oct 06 16:11:51 UTC 2026","Tue Oct 06 16:11:51 UTC 2026","69","WebCatalogTest","FireFox","testcases.SubmitNewAppTest","testcases.SubmitNewAppTest","SA04_testSubmitAppWithInValidUrl","SA04_testSubmitAppWithInValidUrl",""
"skipped","Tue Oct 06 16:08:39 UTC 2026","Tue Oct 06 16:08:39 UTC 2026","67","WebCatalogTest","FireFox","testcases.SignInTest","testcases.SignInTest","SI02_submitEmptyEmail","SI02_submitEmptyEmail",""
